{"cameraMode":{"drawMode":0,"name":"Shaded","section":"Shading Mode"},"sceneLighting":true,"audioPlay":false,"sceneViewState":{"showFog":true,"showMaterialUpdate":false,"showSkybox":true,"showFlares":true,"showImageEffects":true,"showParticleSystems":true},"in2DMode":false,"pivot":{"x":-0.12075138092041016,"y":-0.45110654830932619,"z":0.4712562561035156},"rotation":{"x":-0.10221613943576813,"y":0.8847888112068176,"z":-0.23093470931053163,"w":-0.3916245102882385},"size":6.607396125793457,"orthographic":false}